1.214999,1.051985,-0.404371,0.876578,-2.617387,0.463432,3.251659,0.609388,1.560082,-1.307449,-0.186130,0.133107,1.191293,1.819724,0.571660,-0.370885,-0.224810,0.159243,0.729715,-0.085218,-0.196823,-1.336446,-1.637310,-1.292967,-0.671896,-0.125885,0.011501,1.730220
1.720451,2.749533,0.483080,1.571352,0.340782,4.384689,2.041199,0.188069,1.065648,-1.065766,0.514658,2.060592,1.984312,1.137279,-0.332692,-2.431175,-1.255629,-0.166993,-1.139951,-1.496871,-1.549466,-2.057131,-1.535152,-1.121121,-1.065253,-2.081643,0.380247,0.504357
-0.344880,2.314441,0.616787,1.113786,-1.293563,-0.256776,1.208282,-1.900089,0.344290,-1.432380,0.204255,-0.654006,0.798356,-0.370642,1.483267,-0.370209,-0.762181,-1.406213,-2.382050,-0.994216,-2.442182,-2.704325,-2.658123,-2.146427,-1.420326,-2.495029,-1.248522,-1.284390
0.556287,-0.914545,-0.175994,-0.751608,-0.216791,-0.283230,-0.932022,-1.837412,-1.148577,-1.687286,-1.417403,-0.103360,-0.846781,-0.427348,0.817852,0.467503,-0.139661,-0.647457,-2.004105,-2.587843,-3.154477,-3.545437,-3.187206,-2.314881,-1.743917,-1.841206,-1.577931,-1.712233
0.606753,0.307030,0.945734,-1.039982,-1.565329,-1.996329,-2.297983,-3.579900,-2.710188,-0.665993,-0.942847,-0.666253,-0.336390,0.765052,0.527502,0.883811,-0.395943,-1.625052,-2.589643,-3.695440,-4.048760,-4.287875,-3.950935,-3.363053,-3.042129,-1.666930,-1.362298,0.621796
-1.306876,-1.017253,0.522344,-0.410769,-0.867494,-2.810775,-3.394115,-3.951917,-3.260067,-1.326993,-1.642779,-0.683528,-0.010395,-0.702296,0.942944,0.655381,-0.992477,-2.062898,-3.140876,-3.674379,-4.072310,-4.533787,-4.378301,-3.869342,-3.149634,-1.840854,-0.090572,-0.602293
-1.791587,-0.869296,-1.740660,1.255775,-0.388758,-0.680542,-2.783092,-3.314320,-2.307483,-1.287829,-0.274871,0.721667,-0.013033,0.706796,0.980707,0.589554,-0.247567,-2.025560,-2.469134,-3.335932,-3.980366,-4.281268,-4.006805,-3.458779,-3.003838,-2.390432,-0.734359,-0.315817
1.156655,0.724083,-0.443928,-0.405945,0.470866,-0.769138,-0.855394,-1.884979,-1.771697,-0.695376,0.512882,0.342040,0.664832,1.349898,2.134847,-0.974166,0.531061,-1.593350,-1.902761,-2.960755,-3.606783,-3.728961,-3.507461,-2.539406,-2.390544,-1.382225,-0.877341,-1.562933
-0.018510,1.119743,0.989315,1.768518,-0.220723,0.045278,-0.700399,-0.751139,-1.001320,-1.155999,1.285756,0.941210,0.206353,0.985438,1.392569,-1.220623,-1.094526,-1.309713,-1.402268,-2.131937,-2.454052,-2.737872,-2.697578,-2.209193,-0.862413,-1.320623,0.261030,-0.662298
2.544181,-0.733826,-0.750587,1.768476,1.238302,-0.746249,-0.476533,0.357161,1.004036,0.548068,1.888382,-0.063080,0.519121,-0.487701,1.363454,0.676552,-0.694209,-1.468797,-1.006590,-1.405989,-1.628729,-2.776339,-2.941921,-2.958122,-0.937032,-0.593314,-0.451118,-0.768478
-0.494864,0.984076,0.102355,0.836979,0.938117,1.743273,-0.415645,0.500015,1.160450,1.702941,2.634984,1.221241,0.112157,2.055545,-0.801938,-0.287811,1.411568,-1.118449,-1.388913,-1.316056,-1.092403,-1.384732,-1.316824,-0.889582,-0.310107,0.078322,-0.338766,0.295808
1.142977,0.301759,1.322453,-0.450682,1.403413,0.084092,2.501401,-1.422890,1.986223,-0.431434,1.488648,-2.301286,0.279308,1.013012,1.250235,0.632389,-0.182400,0.749809,0.325118,-1.633984,-1.451338,-1.702734,-1.581675,-1.534820,-1.494531,-0.678398,-1.743400,1.047434
0.391617,0.698384,0.220616,-0.798105,1.640398,1.718597,0.098817,0.428787,0.369492,-0.905113,1.492945,1.164235,0.015792,0.409725,0.168396,-0.022420,0.610275,1.406806,0.105483,-1.096420,-1.723207,-2.077229,-1.702903,-1.481065,0.123378,-1.529191,1.293710,0.389410
-1.720472,1.334625,0.994454,0.134698,2.329460,-0.272287,1.827190,0.888193,0.894095,-0.366033,2.887320,-0.135311,0.577223,1.914596,-0.661068,0.126007,-0.058752,0.965950,-0.197495,-1.583733,-1.928323,-2.452737,-2.335671,-2.795907,-1.254368,-0.698534,0.713667,0.551609
-0.724832,-1.787067,0.100658,1.234925,-0.461093,-1.316126,-1.785139,-0.552926,1.118484,0.270329,0.191692,-0.143238,1.108577,1.281871,0.966916,-0.432507,1.513069,-2.040884,-1.237752,-2.567738,-3.003624,-3.071423,-3.094196,-2.305342,-1.453656,-2.272353,-0.427246,0.363696
-0.358246,-1.224815,1.299524,0.122273,0.459999,0.502281,1.236703,-0.054618,-1.203130,0.336380,-0.235002,1.938703,0.084590,2.228382,0.718630,2.196155,-0.368083,-0.885859,-1.492602,-2.826904,-3.796347,-4.043368,-3.567704,-2.790607,-1.902281,-0.409547,-0.545690,-1.134671
-0.704263,2.618164,0.115036,1.930808,0.376328,0.660817,-1.225842,-2.223902,-1.425229,0.354273,1.560687,0.875632,-1.123662,-0.775655,1.374830,1.244710,-1.623151,-1.400823,-1.870663,-3.151512,-4.052097,-4.521758,-4.091745,-3.034917,-2.394063,0.156524,1.051453,1.309453
1.015867,0.740095,0.033597,-0.349726,-0.540795,1.663050,0.271662,-0.879052,-1.153648,-0.756905,0.696482,0.000129,1.067032,-0.081803,0.710724,0.187314,0.580486,0.073565,-1.354631,-2.742596,-3.657284,-3.961468,-3.396850,-2.467395,-1.353778,-0.480715,1.623779,0.675759
1.546057,-0.112679,-0.081558,0.504609,-0.908834,-0.055726,0.429087,0.442870,-1.228657,0.669017,0.312146,-0.627014,-0.189050,1.611501,-0.834441,-0.487660,-0.877140,-0.359652,-1.821658,-2.200762,-2.683616,-2.616614,-2.423425,-1.831827,-1.307016,-1.384828,0.643655,0.039407
1.464762,1.789738,0.384278,1.294303,-0.061769,-0.651258,0.076489,0.369016,-0.339632,1.169589,0.246683,1.386741,-1.242187,0.980426,0.581662,-0.018521,0.051483,0.550221,-1.874256,-1.031574,-1.179618,-1.259759,-0.944154,-0.968858,-0.634285,0.691934,0.829517,-1.704658
0.157871,1.629628,1.876273,0.312642,0.145995,-0.182041,2.165282,0.601215,-0.887277,-0.375927,2.652480,-0.792865,1.777223,1.235073,1.208371,2.545461,1.728551,0.660548,0.301904,-1.432797,-0.502994,-0.401983,-1.366745,-0.232340,-0.407168,-1.263093,-1.093296,-1.605243
